USE CopaDoMundo;

-- Comandos para limpar as tabelas antes de inserir (descomente se necessário)
/*
DELETE FROM ParticipacaoJogador;
DELETE FROM Jogador;
DELETE FROM EdicaoSedes;
DELETE FROM Partidas;
DELETE FROM Edicoes;
DELETE FROM Paises;
*/

-- Inserção de Países
INSERT IGNORE INTO Paises (nome) VALUES ('Alemanha');
INSERT IGNORE INTO Paises (nome) VALUES ('Argentina');
INSERT IGNORE INTO Paises (nome) VALUES ('Austrália');
INSERT IGNORE INTO Paises (nome) VALUES ('Brasil');
INSERT IGNORE INTO Paises (nome) VALUES ('Bulgária');
INSERT IGNORE INTO Paises (nome) VALUES ('Bélgica');
INSERT IGNORE INTO Paises (nome) VALUES ('Camarões');
INSERT IGNORE INTO Paises (nome) VALUES ('Catar');
INSERT IGNORE INTO Paises (nome) VALUES ('Chile');
INSERT IGNORE INTO Paises (nome) VALUES ('Colômbia');
INSERT IGNORE INTO Paises (nome) VALUES ('Coreia do Sul');
INSERT IGNORE INTO Paises (nome) VALUES ('Croácia');
INSERT IGNORE INTO Paises (nome) VALUES ('Dinamarca');
INSERT IGNORE INTO Paises (nome) VALUES ('Equador');
INSERT IGNORE INTO Paises (nome) VALUES ('Espanha');
INSERT IGNORE INTO Paises (nome) VALUES ('Estados Unidos');
INSERT IGNORE INTO Paises (nome) VALUES ('França');
INSERT IGNORE INTO Paises (nome) VALUES ('Gana');
INSERT IGNORE INTO Paises (nome) VALUES ('Hungria');
INSERT IGNORE INTO Paises (nome) VALUES ('Inglaterra');
INSERT IGNORE INTO Paises (nome) VALUES ('Irlanda do Norte');
INSERT IGNORE INTO Paises (nome) VALUES ('Itália');
INSERT IGNORE INTO Paises (nome) VALUES ('Iugoslávia');
INSERT IGNORE INTO Paises (nome) VALUES ('Japão');
INSERT IGNORE INTO Paises (nome) VALUES ('Marrocos');
INSERT IGNORE INTO Paises (nome) VALUES ('México');
INSERT IGNORE INTO Paises (nome) VALUES ('Países Baixos');
INSERT IGNORE INTO Paises (nome) VALUES ('Peru');
INSERT IGNORE INTO Paises (nome) VALUES ('Polônia');
INSERT IGNORE INTO Paises (nome) VALUES ('Portugal');
INSERT IGNORE INTO Paises (nome) VALUES ('Rússia');
INSERT IGNORE INTO Paises (nome) VALUES ('Suécia');
INSERT IGNORE INTO Paises (nome) VALUES ('Suíça');
INSERT IGNORE INTO Paises (nome) VALUES ('Tchecoslováquia');
INSERT IGNORE INTO Paises (nome) VALUES ('Turquia');
INSERT IGNORE INTO Paises (nome) VALUES ('Uruguai');
INSERT IGNORE INTO Paises (nome) VALUES ('África do Sul');
INSERT IGNORE INTO Paises (nome) VALUES ('Áustria');

-- Inserção de Edições
INSERT IGNORE INTO Edicoes (ano) VALUES (1930);
INSERT IGNORE INTO Edicoes (ano) VALUES (1934);
INSERT IGNORE INTO Edicoes (ano) VALUES (1938);
INSERT IGNORE INTO Edicoes (ano) VALUES (1950);
INSERT IGNORE INTO Edicoes (ano) VALUES (1954);
INSERT IGNORE INTO Edicoes (ano) VALUES (1958);
INSERT IGNORE INTO Edicoes (ano) VALUES (1962);
INSERT IGNORE INTO Edicoes (ano) VALUES (1966);
INSERT IGNORE INTO Edicoes (ano) VALUES (1970);
INSERT IGNORE INTO Edicoes (ano) VALUES (1974);
INSERT IGNORE INTO Edicoes (ano) VALUES (1978);
INSERT IGNORE INTO Edicoes (ano) VALUES (1982);
INSERT IGNORE INTO Edicoes (ano) VALUES (1986);
INSERT IGNORE INTO Edicoes (ano) VALUES (1990);
INSERT IGNORE INTO Edicoes (ano) VALUES (1994);
INSERT IGNORE INTO Edicoes (ano) VALUES (1998);
INSERT IGNORE INTO Edicoes (ano) VALUES (2002);
INSERT IGNORE INTO Edicoes (ano) VALUES (2006);
INSERT IGNORE INTO Edicoes (ano) VALUES (2010);
INSERT IGNORE INTO Edicoes (ano) VALUES (2014);
INSERT IGNORE INTO Edicoes (ano) VALUES (2018);
INSERT IGNORE INTO Edicoes (ano) VALUES (2022);

-- Vinculação de Sedes
INSERT IGNORE INTO EdicaoSedes (idEdicao, idPais) VALUES (111, 226);
INSERT IGNORE INTO EdicaoSedes (idEdicao, idPais) VALUES (112, 212);
INSERT IGNORE INTO EdicaoSedes (idEdicao, idPais) VALUES (113, 207);
INSERT IGNORE INTO EdicaoSedes (idEdicao, idPais) VALUES (114, 194);
INSERT IGNORE INTO EdicaoSedes (idEdicao, idPais) VALUES (115, 223);
INSERT IGNORE INTO EdicaoSedes (idEdicao, idPais) VALUES (116, 222);
INSERT IGNORE INTO EdicaoSedes (idEdicao, idPais) VALUES (117, 199);
INSERT IGNORE INTO EdicaoSedes (idEdicao, idPais) VALUES (118, 210);
INSERT IGNORE INTO EdicaoSedes (idEdicao, idPais) VALUES (119, 216);
INSERT IGNORE INTO EdicaoSedes (idEdicao, idPais) VALUES (120, 191);
INSERT IGNORE INTO EdicaoSedes (idEdicao, idPais) VALUES (121, 192);
INSERT IGNORE INTO EdicaoSedes (idEdicao, idPais) VALUES (122, 205);
INSERT IGNORE INTO EdicaoSedes (idEdicao, idPais) VALUES (123, 216);
INSERT IGNORE INTO EdicaoSedes (idEdicao, idPais) VALUES (124, 212);
INSERT IGNORE INTO EdicaoSedes (idEdicao, idPais) VALUES (125, 206);
INSERT IGNORE INTO EdicaoSedes (idEdicao, idPais) VALUES (126, 207);
INSERT IGNORE INTO EdicaoSedes (idEdicao, idPais) VALUES (127, 201);
INSERT IGNORE INTO EdicaoSedes (idEdicao, idPais) VALUES (127, 214);
INSERT IGNORE INTO EdicaoSedes (idEdicao, idPais) VALUES (128, 191);
INSERT IGNORE INTO EdicaoSedes (idEdicao, idPais) VALUES (129, 227);
INSERT IGNORE INTO EdicaoSedes (idEdicao, idPais) VALUES (130, 194);
INSERT IGNORE INTO EdicaoSedes (idEdicao, idPais) VALUES (131, 221);
INSERT IGNORE INTO EdicaoSedes (idEdicao, idPais) VALUES (132, 198);

-- Inserção de Partidas
INSERT IGNORE INTO Partidas (idEdicao, fase, idTimeCasa, idTimeFora, golsTimeCasa, golsTimeFora, observacoesPlacar) VALUES (111, 'Final', 226, 192, 4, 2, NULL);
INSERT IGNORE INTO Partidas (idEdicao, fase, idTimeCasa, idTimeFora, golsTimeCasa, golsTimeFora, observacoesPlacar) VALUES (111, 'Disputa 3º Lugar', 206, 213, NULL, NULL, NULL);
INSERT IGNORE INTO Partidas (idEdicao, fase, idTimeCasa, idTimeFora, golsTimeCasa, golsTimeFora, observacoesPlacar) VALUES (112, 'Final', 212, 224, 2, 1, '(pro)');
INSERT IGNORE INTO Partidas (idEdicao, fase, idTimeCasa, idTimeFora, golsTimeCasa, golsTimeFora, observacoesPlacar) VALUES (112, 'Disputa 3º Lugar', 191, 228, 3, 2, NULL);
INSERT IGNORE INTO Partidas (idEdicao, fase, idTimeCasa, idTimeFora, golsTimeCasa, golsTimeFora, observacoesPlacar) VALUES (113, 'Final', 212, 209, 4, 2, NULL);
INSERT IGNORE INTO Partidas (idEdicao, fase, idTimeCasa, idTimeFora, golsTimeCasa, golsTimeFora, observacoesPlacar) VALUES (113, 'Disputa 3º Lugar', 194, 222, 4, 2, NULL);
INSERT IGNORE INTO Partidas (idEdicao, fase, idTimeCasa, idTimeFora, golsTimeCasa, golsTimeFora, observacoesPlacar) VALUES (114, 'Final', 226, 194, 2, 1, '[nota 2]');
INSERT IGNORE INTO Partidas (idEdicao, fase, idTimeCasa, idTimeFora, golsTimeCasa, golsTimeFora, observacoesPlacar) VALUES (114, 'Disputa 3º Lugar', 222, 205, 3, 1, '[nota 2]');
INSERT IGNORE INTO Partidas (idEdicao, fase, idTimeCasa, idTimeFora, golsTimeCasa, golsTimeFora, observacoesPlacar) VALUES (115, 'Final', 191, 209, 3, 2, NULL);
INSERT IGNORE INTO Partidas (idEdicao, fase, idTimeCasa, idTimeFora, golsTimeCasa, golsTimeFora, observacoesPlacar) VALUES (115, 'Disputa 3º Lugar', 228, 226, 3, 1, NULL);
INSERT IGNORE INTO Partidas (idEdicao, fase, idTimeCasa, idTimeFora, golsTimeCasa, golsTimeFora, observacoesPlacar) VALUES (116, 'Final', 194, 222, 5, 2, NULL);
INSERT IGNORE INTO Partidas (idEdicao, fase, idTimeCasa, idTimeFora, golsTimeCasa, golsTimeFora, observacoesPlacar) VALUES (116, 'Disputa 3º Lugar', 207, 191, 6, 3, NULL);
INSERT IGNORE INTO Partidas (idEdicao, fase, idTimeCasa, idTimeFora, golsTimeCasa, golsTimeFora, observacoesPlacar) VALUES (117, 'Final', 194, 224, 3, 1, NULL);
INSERT IGNORE INTO Partidas (idEdicao, fase, idTimeCasa, idTimeFora, golsTimeCasa, golsTimeFora, observacoesPlacar) VALUES (117, 'Disputa 3º Lugar', 199, 213, 1, 0, NULL);
INSERT IGNORE INTO Partidas (idEdicao, fase, idTimeCasa, idTimeFora, golsTimeCasa, golsTimeFora, observacoesPlacar) VALUES (118, 'Final', 210, 191, 4, 2, '(pro)');
INSERT IGNORE INTO Partidas (idEdicao, fase, idTimeCasa, idTimeFora, golsTimeCasa, golsTimeFora, observacoesPlacar) VALUES (118, 'Disputa 3º Lugar', 220, 221, 2, 1, NULL);
INSERT IGNORE INTO Partidas (idEdicao, fase, idTimeCasa, idTimeFora, golsTimeCasa, golsTimeFora, observacoesPlacar) VALUES (119, 'Final', 194, 212, 4, 1, NULL);
INSERT IGNORE INTO Partidas (idEdicao, fase, idTimeCasa, idTimeFora, golsTimeCasa, golsTimeFora, observacoesPlacar) VALUES (119, 'Disputa 3º Lugar', 191, 226, 1, 0, NULL);
INSERT IGNORE INTO Partidas (idEdicao, fase, idTimeCasa, idTimeFora, golsTimeCasa, golsTimeFora, observacoesPlacar) VALUES (120, 'Final', 191, 217, 2, 1, NULL);
INSERT IGNORE INTO Partidas (idEdicao, fase, idTimeCasa, idTimeFora, golsTimeCasa, golsTimeFora, observacoesPlacar) VALUES (120, 'Disputa 3º Lugar', 219, 194, 1, 0, NULL);
INSERT IGNORE INTO Partidas (idEdicao, fase, idTimeCasa, idTimeFora, golsTimeCasa, golsTimeFora, observacoesPlacar) VALUES (121, 'Final', 192, 217, 3, 1, '(pro)');
INSERT IGNORE INTO Partidas (idEdicao, fase, idTimeCasa, idTimeFora, golsTimeCasa, golsTimeFora, observacoesPlacar) VALUES (121, 'Disputa 3º Lugar', 194, 212, 2, 1, NULL);
INSERT IGNORE INTO Partidas (idEdicao, fase, idTimeCasa, idTimeFora, golsTimeCasa, golsTimeFora, observacoesPlacar) VALUES (122, 'Final', 212, 191, 3, 1, NULL);
INSERT IGNORE INTO Partidas (idEdicao, fase, idTimeCasa, idTimeFora, golsTimeCasa, golsTimeFora, observacoesPlacar) VALUES (122, 'Disputa 3º Lugar', 219, 207, 3, 2, NULL);
INSERT IGNORE INTO Partidas (idEdicao, fase, idTimeCasa, idTimeFora, golsTimeCasa, golsTimeFora, observacoesPlacar) VALUES (123, 'Final', 192, 191, 3, 2, NULL);
INSERT IGNORE INTO Partidas (idEdicao, fase, idTimeCasa, idTimeFora, golsTimeCasa, golsTimeFora, observacoesPlacar) VALUES (123, 'Disputa 3º Lugar', 207, 196, 4, 2, '(pro)');
INSERT IGNORE INTO Partidas (idEdicao, fase, idTimeCasa, idTimeFora, golsTimeCasa, golsTimeFora, observacoesPlacar) VALUES (124, 'Final', 191, 192, 1, 0, NULL);
INSERT IGNORE INTO Partidas (idEdicao, fase, idTimeCasa, idTimeFora, golsTimeCasa, golsTimeFora, observacoesPlacar) VALUES (124, 'Disputa 3º Lugar', 212, 210, 2, 1, NULL);
INSERT IGNORE INTO Partidas (idEdicao, fase, idTimeCasa, idTimeFora, golsTimeCasa, golsTimeFora, observacoesPlacar) VALUES (125, 'Final', 194, 212, 0, 0, '(pro) 3 – 2 (pen)');
INSERT IGNORE INTO Partidas (idEdicao, fase, idTimeCasa, idTimeFora, golsTimeCasa, golsTimeFora, observacoesPlacar) VALUES (125, 'Disputa 3º Lugar', 222, 195, 4, 0, NULL);
INSERT IGNORE INTO Partidas (idEdicao, fase, idTimeCasa, idTimeFora, golsTimeCasa, golsTimeFora, observacoesPlacar) VALUES (126, 'Final', 207, 194, 3, 0, NULL);
INSERT IGNORE INTO Partidas (idEdicao, fase, idTimeCasa, idTimeFora, golsTimeCasa, golsTimeFora, observacoesPlacar) VALUES (126, 'Disputa 3º Lugar', 202, 217, 2, 1, NULL);
INSERT IGNORE INTO Partidas (idEdicao, fase, idTimeCasa, idTimeFora, golsTimeCasa, golsTimeFora, observacoesPlacar) VALUES (127, 'Final', 194, 191, 2, 0, NULL);
INSERT IGNORE INTO Partidas (idEdicao, fase, idTimeCasa, idTimeFora, golsTimeCasa, golsTimeFora, observacoesPlacar) VALUES (127, 'Disputa 3º Lugar', 225, 201, 3, 2, NULL);
INSERT IGNORE INTO Partidas (idEdicao, fase, idTimeCasa, idTimeFora, golsTimeCasa, golsTimeFora, observacoesPlacar) VALUES (128, 'Final', 212, 207, 1, 1, '(pro) 5 – 3 (pen)');
INSERT IGNORE INTO Partidas (idEdicao, fase, idTimeCasa, idTimeFora, golsTimeCasa, golsTimeFora, observacoesPlacar) VALUES (128, 'Disputa 3º Lugar', 191, 220, 3, 1, NULL);
INSERT IGNORE INTO Partidas (idEdicao, fase, idTimeCasa, idTimeFora, golsTimeCasa, golsTimeFora, observacoesPlacar) VALUES (129, 'Final', 205, 217, 1, 0, '(pro)');
INSERT IGNORE INTO Partidas (idEdicao, fase, idTimeCasa, idTimeFora, golsTimeCasa, golsTimeFora, observacoesPlacar) VALUES (129, 'Disputa 3º Lugar', 191, 226, 3, 2, NULL);
INSERT IGNORE INTO Partidas (idEdicao, fase, idTimeCasa, idTimeFora, golsTimeCasa, golsTimeFora, observacoesPlacar) VALUES (130, 'Final', 191, 192, 1, 0, '(pro)');
INSERT IGNORE INTO Partidas (idEdicao, fase, idTimeCasa, idTimeFora, golsTimeCasa, golsTimeFora, observacoesPlacar) VALUES (130, 'Disputa 3º Lugar', 217, 194, 3, 0, NULL);
INSERT IGNORE INTO Partidas (idEdicao, fase, idTimeCasa, idTimeFora, golsTimeCasa, golsTimeFora, observacoesPlacar) VALUES (131, 'Final', 207, 202, 4, 2, NULL);
INSERT IGNORE INTO Partidas (idEdicao, fase, idTimeCasa, idTimeFora, golsTimeCasa, golsTimeFora, observacoesPlacar) VALUES (131, 'Disputa 3º Lugar', 196, 210, 2, 0, NULL);
INSERT IGNORE INTO Partidas (idEdicao, fase, idTimeCasa, idTimeFora, golsTimeCasa, golsTimeFora, observacoesPlacar) VALUES (132, 'Final', 192, 207, 3, 3, '(pro) 4 – 2 (pen)');
INSERT IGNORE INTO Partidas (idEdicao, fase, idTimeCasa, idTimeFora, golsTimeCasa, golsTimeFora, observacoesPlacar) VALUES (132, 'Disputa 3º Lugar', 202, 215, 2, 1, NULL);

-- Inserção de Jogadores
INSERT IGNORE INTO Jogador (nome, idPais, totalGols, totalPartidas) VALUES ('Miroslav Klose', 191, 16, 24);
INSERT IGNORE INTO Jogador (nome, idPais, totalGols, totalPartidas) VALUES ('Ronaldo', 194, 15, 19);
INSERT IGNORE INTO Jogador (nome, idPais, totalGols, totalPartidas) VALUES ('Gerd Müller', 191, 14, 13);
INSERT IGNORE INTO Jogador (nome, idPais, totalGols, totalPartidas) VALUES ('Just Fontaine', 207, 13, 6);
INSERT IGNORE INTO Jogador (nome, idPais, totalGols, totalPartidas) VALUES ('Lionel Messi', 192, 13, 26);
INSERT IGNORE INTO Jogador (nome, idPais, totalGols, totalPartidas) VALUES ('Pelé', 194, 12, 14);
INSERT IGNORE INTO Jogador (nome, idPais, totalGols, totalPartidas) VALUES ('Kylian Mbappé', 207, 12, 14);
INSERT IGNORE INTO Jogador (nome, idPais, totalGols, totalPartidas) VALUES ('Sándor Kocsis', 209, 11, 5);
INSERT IGNORE INTO Jogador (nome, idPais, totalGols, totalPartidas) VALUES ('Jürgen Klinsmann', 191, 11, 17);
INSERT IGNORE INTO Jogador (nome, idPais, totalGols, totalPartidas) VALUES ('Helmut Rahn', 191, 10, 10);
INSERT IGNORE INTO Jogador (nome, idPais, totalGols, totalPartidas) VALUES ('Gary Lineker', 210, 10, 12);
INSERT IGNORE INTO Jogador (nome, idPais, totalGols, totalPartidas) VALUES ('Gabriel Batistuta', 192, 10, 12);
INSERT IGNORE INTO Jogador (nome, idPais, totalGols, totalPartidas) VALUES ('Teófilo Cubillas', 218, 10, 13);
INSERT IGNORE INTO Jogador (nome, idPais, totalGols, totalPartidas) VALUES ('Thomas Müller', 191, 10, 17);
INSERT IGNORE INTO Jogador (nome, idPais, totalGols, totalPartidas) VALUES ('Grzegorz Lato', 219, 10, 20);
INSERT IGNORE INTO Jogador (nome, idPais, totalGols, totalPartidas) VALUES ('Ademir de Menezes', 194, 9, 6);
INSERT IGNORE INTO Jogador (nome, idPais, totalGols, totalPartidas) VALUES ('Eusébio', 220, 9, 6);
INSERT IGNORE INTO Jogador (nome, idPais, totalGols, totalPartidas) VALUES ('Christian Vieri', 212, 9, 9);
INSERT IGNORE INTO Jogador (nome, idPais, totalGols, totalPartidas) VALUES ('Vavá', 194, 9, 10);
INSERT IGNORE INTO Jogador (nome, idPais, totalGols, totalPartidas) VALUES ('David Villa', 205, 9, 12);
INSERT IGNORE INTO Jogador (nome, idPais, totalGols, totalPartidas) VALUES ('Paolo Rossi', 212, 9, 14);
INSERT IGNORE INTO Jogador (nome, idPais, totalGols, totalPartidas) VALUES ('Jairzinho', 194, 9, 16);
INSERT IGNORE INTO Jogador (nome, idPais, totalGols, totalPartidas) VALUES ('Roberto Baggio', 212, 9, 16);
INSERT IGNORE INTO Jogador (nome, idPais, totalGols, totalPartidas) VALUES ('Karl-Heinz Rummenigge', 191, 9, 19);
INSERT IGNORE INTO Jogador (nome, idPais, totalGols, totalPartidas) VALUES ('Uwe Seeler', 191, 9, 21);
INSERT IGNORE INTO Jogador (nome, idPais, totalGols, totalPartidas) VALUES ('Guillermo Stábile', 192, 8, 4);
INSERT IGNORE INTO Jogador (nome, idPais, totalGols, totalPartidas) VALUES ('Leônidas da Silva', 194, 8, 5);
INSERT IGNORE INTO Jogador (nome, idPais, totalGols, totalPartidas) VALUES ('Óscar Míguez', 226, 8, 7);
INSERT IGNORE INTO Jogador (nome, idPais, totalGols, totalPartidas) VALUES ('Harry Kane', 210, 8, 11);
INSERT IGNORE INTO Jogador (nome, idPais, totalGols, totalPartidas) VALUES ('Neymar', 194, 8, 13);
INSERT IGNORE INTO Jogador (nome, idPais, totalGols, totalPartidas) VALUES ('Rivaldo', 194, 8, 14);
INSERT IGNORE INTO Jogador (nome, idPais, totalGols, totalPartidas) VALUES ('Rudi Völler', 191, 8, 15);
INSERT IGNORE INTO Jogador (nome, idPais, totalGols, totalPartidas) VALUES ('Diego Maradona', 192, 8, 21);
INSERT IGNORE INTO Jogador (nome, idPais, totalGols, totalPartidas) VALUES ('Cristiano Ronaldo', 220, 8, 22);
INSERT IGNORE INTO Jogador (nome, idPais, totalGols, totalPartidas) VALUES ('Oldřich Nejedlý', 224, 7, 6);
INSERT IGNORE INTO Jogador (nome, idPais, totalGols, totalPartidas) VALUES ('Lajos Tichy', 209, 7, 8);
INSERT IGNORE INTO Jogador (nome, idPais, totalGols, totalPartidas) VALUES ('Careca', 194, 7, 9);
INSERT IGNORE INTO Jogador (nome, idPais, totalGols, totalPartidas) VALUES ('Andrzej Szarmach', 219, 7, 13);
INSERT IGNORE INTO Jogador (nome, idPais, totalGols, totalPartidas) VALUES ('Johnny Rep', 217, 7, 13);
INSERT IGNORE INTO Jogador (nome, idPais, totalGols, totalPartidas) VALUES ('Luis Suárez', 226, 7, 15);
INSERT IGNORE INTO Jogador (nome, idPais, totalGols, totalPartidas) VALUES ('Hans Schäfer', 191, 7, 15);
INSERT IGNORE INTO Jogador (nome, idPais, totalGols, totalPartidas) VALUES ('Josef Hügi', 223, 6, 3);
INSERT IGNORE INTO Jogador (nome, idPais, totalGols, totalPartidas) VALUES ('Oleg Salenko', 221, 6, 3);
INSERT IGNORE INTO Jogador (nome, idPais, totalGols, totalPartidas) VALUES ('Max Morlock', 191, 6, 5);
INSERT IGNORE INTO Jogador (nome, idPais, totalGols, totalPartidas) VALUES ('Erich Probst', 228, 6, 5);
INSERT IGNORE INTO Jogador (nome, idPais, totalGols, totalPartidas) VALUES ('György Sárosi', 209, 6, 5);
INSERT IGNORE INTO Jogador (nome, idPais, totalGols, totalPartidas) VALUES ('Enner Valencia', 204, 6, 6);
INSERT IGNORE INTO Jogador (nome, idPais, totalGols, totalPartidas) VALUES ('Salvatore Schillaci', 212, 6, 7);
INSERT IGNORE INTO Jogador (nome, idPais, totalGols, totalPartidas) VALUES ('Davor Šuker', 202, 6, 8);
INSERT IGNORE INTO Jogador (nome, idPais, totalGols, totalPartidas) VALUES ('James Rodríguez', 200, 6, 8);
INSERT IGNORE INTO Jogador (nome, idPais, totalGols, totalPartidas) VALUES ('Helmut Haller', 191, 6, 9);
INSERT IGNORE INTO Jogador (nome, idPais, totalGols, totalPartidas) VALUES ('Hristo Stoichkov', 195, 6, 10);
INSERT IGNORE INTO Jogador (nome, idPais, totalGols, totalPartidas) VALUES ('Diego Forlán', 226, 6, 10);
INSERT IGNORE INTO Jogador (nome, idPais, totalGols, totalPartidas) VALUES ('Asamoah Gyan', 208, 6, 11);
INSERT IGNORE INTO Jogador (nome, idPais, totalGols, totalPartidas) VALUES ('Dennis Bergkamp', 217, 6, 12);
INSERT IGNORE INTO Jogador (nome, idPais, totalGols, totalPartidas) VALUES ('Rob Rensenbrink', 217, 6, 13);
INSERT IGNORE INTO Jogador (nome, idPais, totalGols, totalPartidas) VALUES ('Rivellino', 194, 6, 15);
INSERT IGNORE INTO Jogador (nome, idPais, totalGols, totalPartidas) VALUES ('Bebeto', 194, 6, 15);
INSERT IGNORE INTO Jogador (nome, idPais, totalGols, totalPartidas) VALUES ('Arjen Robben', 217, 6, 15);
INSERT IGNORE INTO Jogador (nome, idPais, totalGols, totalPartidas) VALUES ('Zbigniew Boniek', 219, 6, 16);
INSERT IGNORE INTO Jogador (nome, idPais, totalGols, totalPartidas) VALUES ('Ivan Perišić', 202, 6, 17);
INSERT IGNORE INTO Jogador (nome, idPais, totalGols, totalPartidas) VALUES ('Thierry Henry', 207, 6, 17);
INSERT IGNORE INTO Jogador (nome, idPais, totalGols, totalPartidas) VALUES ('Wesley Sneijder', 217, 6, 17);
INSERT IGNORE INTO Jogador (nome, idPais, totalGols, totalPartidas) VALUES ('Robin van Persie', 217, 6, 17);
INSERT IGNORE INTO Jogador (nome, idPais, totalGols, totalPartidas) VALUES ('Mario Kempes', 192, 6, 18);
INSERT IGNORE INTO Jogador (nome, idPais, totalGols, totalPartidas) VALUES ('Lothar Matthäus', 191, 6, 25);
INSERT IGNORE INTO Jogador (nome, idPais, totalGols, totalPartidas) VALUES ('Pedro Cea', 226, 5, 4);
INSERT IGNORE INTO Jogador (nome, idPais, totalGols, totalPartidas) VALUES ('Silvio Piola', 212, 5, 4);
INSERT IGNORE INTO Jogador (nome, idPais, totalGols, totalPartidas) VALUES ('Gyula Zsengellér', 209, 5, 4);
INSERT IGNORE INTO Jogador (nome, idPais, totalGols, totalPartidas) VALUES ('Peter McParland', 211, 5, 5);
INSERT IGNORE INTO Jogador (nome, idPais, totalGols, totalPartidas) VALUES ('Tomáš Skuhravý', 224, 5, 5);
INSERT IGNORE INTO Jogador (nome, idPais, totalGols, totalPartidas) VALUES ('Juan Alberto Schiaffino', 226, 5, 6);
INSERT IGNORE INTO Jogador (nome, idPais, totalGols, totalPartidas) VALUES ('Geoff Hurst', 210, 5, 6);
INSERT IGNORE INTO Jogador (nome, idPais, totalGols, totalPartidas) VALUES ('Jon Dahl Tomasson', 203, 5, 6);
INSERT IGNORE INTO Jogador (nome, idPais, totalGols, totalPartidas) VALUES ('Alessandro Altobelli', 212, 5, 7);
INSERT IGNORE INTO Jogador (nome, idPais, totalGols, totalPartidas) VALUES ('Kennet Andersson', 222, 5, 7);
INSERT IGNORE INTO Jogador (nome, idPais, totalGols, totalPartidas) VALUES ('Fernando Morientes', 205, 5, 7);
INSERT IGNORE INTO Jogador (nome, idPais, totalGols, totalPartidas) VALUES ('Romário', 194, 5, 8);
INSERT IGNORE INTO Jogador (nome, idPais, totalGols, totalPartidas) VALUES ('Mario Mandžukić', 202, 5, 8);
INSERT IGNORE INTO Jogador (nome, idPais, totalGols, totalPartidas) VALUES ('Marc Wilmots', 196, 5, 8);
INSERT IGNORE INTO Jogador (nome, idPais, totalGols, totalPartidas) VALUES ('Tim Cahill', 193, 5, 9);
INSERT IGNORE INTO Jogador (nome, idPais, totalGols, totalPartidas) VALUES ('Valentin Ivanov', 221, 5, 9);
INSERT IGNORE INTO Jogador (nome, idPais, totalGols, totalPartidas) VALUES ('Roger Milla', 197, 5, 9);
INSERT IGNORE INTO Jogador (nome, idPais, totalGols, totalPartidas) VALUES ('Emilio Butragueño', 205, 5, 9);
INSERT IGNORE INTO Jogador (nome, idPais, totalGols, totalPartidas) VALUES ('Hans Krankl', 228, 5, 10);
INSERT IGNORE INTO Jogador (nome, idPais, totalGols, totalPartidas) VALUES ('Raúl', 205, 5, 11);
INSERT IGNORE INTO Jogador (nome, idPais, totalGols, totalPartidas) VALUES ('Xherdan Shaqiri', 223, 5, 12);
INSERT IGNORE INTO Jogador (nome, idPais, totalGols, totalPartidas) VALUES ('Romelu Lukaku', 196, 5, 12);
INSERT IGNORE INTO Jogador (nome, idPais, totalGols, totalPartidas) VALUES ('Garrincha', 194, 5, 12);
INSERT IGNORE INTO Jogador (nome, idPais, totalGols, totalPartidas) VALUES ('Johan Neeskens', 217, 5, 12);
INSERT IGNORE INTO Jogador (nome, idPais, totalGols, totalPartidas) VALUES ('Fernando Hierro', 205, 5, 12);
INSERT IGNORE INTO Jogador (nome, idPais, totalGols, totalPartidas) VALUES ('Zinédine Zidane', 207, 5, 12);
INSERT IGNORE INTO Jogador (nome, idPais, totalGols, totalPartidas) VALUES ('Landon Donovan', 206, 5, 12);
INSERT IGNORE INTO Jogador (nome, idPais, totalGols, totalPartidas) VALUES ('Gonzalo Higuaín', 192, 5, 13);
INSERT IGNORE INTO Jogador (nome, idPais, totalGols, totalPartidas) VALUES ('Henrik Larsson', 222, 5, 13);
INSERT IGNORE INTO Jogador (nome, idPais, totalGols, totalPartidas) VALUES ('Michel Platini', 207, 5, 14);
INSERT IGNORE INTO Jogador (nome, idPais, totalGols, totalPartidas) VALUES ('Zico', 194, 5, 14);
INSERT IGNORE INTO Jogador (nome, idPais, totalGols, totalPartidas) VALUES ('Lukas Podolski', 191, 5, 15);
INSERT IGNORE INTO Jogador (nome, idPais, totalGols, totalPartidas) VALUES ('Olivier Giroud', 207, 5, 17);
INSERT IGNORE INTO Jogador (nome, idPais, totalGols, totalPartidas) VALUES ('Edinson Cavani', 226, 5, 17);
INSERT IGNORE INTO Jogador (nome, idPais, totalGols, totalPartidas) VALUES ('Franz Beckenbauer', 191, 5, 18);

-- Inserção de Participações de Jogadores
INSERT IGNORE INTO ParticipacaoJogador (idEdicao, idJogador) VALUES (127, 506);
INSERT IGNORE INTO ParticipacaoJogador (idEdicao, idJogador) VALUES (128, 506);
INSERT IGNORE INTO ParticipacaoJogador (idEdicao, idJogador) VALUES (129, 506);
INSERT IGNORE INTO ParticipacaoJogador (idEdicao, idJogador) VALUES (130, 506);
INSERT IGNORE INTO ParticipacaoJogador (idEdicao, idJogador) VALUES (125, 507);
INSERT IGNORE INTO ParticipacaoJogador (idEdicao, idJogador) VALUES (126, 507);
INSERT IGNORE INTO ParticipacaoJogador (idEdicao, idJogador) VALUES (127, 507);
INSERT IGNORE INTO ParticipacaoJogador (idEdicao, idJogador) VALUES (128, 507);
INSERT IGNORE INTO ParticipacaoJogador (idEdicao, idJogador) VALUES (119, 508);
INSERT IGNORE INTO ParticipacaoJogador (idEdicao, idJogador) VALUES (120, 508);
INSERT IGNORE INTO ParticipacaoJogador (idEdicao, idJogador) VALUES (116, 509);
INSERT IGNORE INTO ParticipacaoJogador (idEdicao, idJogador) VALUES (128, 510);
INSERT IGNORE INTO ParticipacaoJogador (idEdicao, idJogador) VALUES (129, 510);
INSERT IGNORE INTO ParticipacaoJogador (idEdicao, idJogador) VALUES (130, 510);
INSERT IGNORE INTO ParticipacaoJogador (idEdicao, idJogador) VALUES (131, 510);
INSERT IGNORE INTO ParticipacaoJogador (idEdicao, idJogador) VALUES (132, 510);
INSERT IGNORE INTO ParticipacaoJogador (idEdicao, idJogador) VALUES (116, 511);
INSERT IGNORE INTO ParticipacaoJogador (idEdicao, idJogador) VALUES (117, 511);
INSERT IGNORE INTO ParticipacaoJogador (idEdicao, idJogador) VALUES (118, 511);
INSERT IGNORE INTO ParticipacaoJogador (idEdicao, idJogador) VALUES (119, 511);
INSERT IGNORE INTO ParticipacaoJogador (idEdicao, idJogador) VALUES (131, 512);
INSERT IGNORE INTO ParticipacaoJogador (idEdicao, idJogador) VALUES (132, 512);
INSERT IGNORE INTO ParticipacaoJogador (idEdicao, idJogador) VALUES (115, 513);
INSERT IGNORE INTO ParticipacaoJogador (idEdicao, idJogador) VALUES (124, 514);
INSERT IGNORE INTO ParticipacaoJogador (idEdicao, idJogador) VALUES (125, 514);
INSERT IGNORE INTO ParticipacaoJogador (idEdicao, idJogador) VALUES (126, 514);
INSERT IGNORE INTO ParticipacaoJogador (idEdicao, idJogador) VALUES (115, 515);
INSERT IGNORE INTO ParticipacaoJogador (idEdicao, idJogador) VALUES (116, 515);
INSERT IGNORE INTO ParticipacaoJogador (idEdicao, idJogador) VALUES (123, 516);
INSERT IGNORE INTO ParticipacaoJogador (idEdicao, idJogador) VALUES (124, 516);
INSERT IGNORE INTO ParticipacaoJogador (idEdicao, idJogador) VALUES (125, 517);
INSERT IGNORE INTO ParticipacaoJogador (idEdicao, idJogador) VALUES (126, 517);
INSERT IGNORE INTO ParticipacaoJogador (idEdicao, idJogador) VALUES (127, 517);
INSERT IGNORE INTO ParticipacaoJogador (idEdicao, idJogador) VALUES (119, 518);
INSERT IGNORE INTO ParticipacaoJogador (idEdicao, idJogador) VALUES (121, 518);
INSERT IGNORE INTO ParticipacaoJogador (idEdicao, idJogador) VALUES (122, 518);
INSERT IGNORE INTO ParticipacaoJogador (idEdicao, idJogador) VALUES (129, 519);
INSERT IGNORE INTO ParticipacaoJogador (idEdicao, idJogador) VALUES (130, 519);
INSERT IGNORE INTO ParticipacaoJogador (idEdicao, idJogador) VALUES (131, 519);
INSERT IGNORE INTO ParticipacaoJogador (idEdicao, idJogador) VALUES (132, 519);
INSERT IGNORE INTO ParticipacaoJogador (idEdicao, idJogador) VALUES (120, 520);
INSERT IGNORE INTO ParticipacaoJogador (idEdicao, idJogador) VALUES (121, 520);
INSERT IGNORE INTO ParticipacaoJogador (idEdicao, idJogador) VALUES (122, 520);
INSERT IGNORE INTO ParticipacaoJogador (idEdicao, idJogador) VALUES (114, 521);
INSERT IGNORE INTO ParticipacaoJogador (idEdicao, idJogador) VALUES (118, 522);
INSERT IGNORE INTO ParticipacaoJogador (idEdicao, idJogador) VALUES (126, 523);
INSERT IGNORE INTO ParticipacaoJogador (idEdicao, idJogador) VALUES (127, 523);
INSERT IGNORE INTO ParticipacaoJogador (idEdicao, idJogador) VALUES (116, 524);
INSERT IGNORE INTO ParticipacaoJogador (idEdicao, idJogador) VALUES (117, 524);
INSERT IGNORE INTO ParticipacaoJogador (idEdicao, idJogador) VALUES (128, 525);
INSERT IGNORE INTO ParticipacaoJogador (idEdicao, idJogador) VALUES (129, 525);
INSERT IGNORE INTO ParticipacaoJogador (idEdicao, idJogador) VALUES (130, 525);
INSERT IGNORE INTO ParticipacaoJogador (idEdicao, idJogador) VALUES (121, 526);
INSERT IGNORE INTO ParticipacaoJogador (idEdicao, idJogador) VALUES (122, 526);
INSERT IGNORE INTO ParticipacaoJogador (idEdicao, idJogador) VALUES (123, 526);
INSERT IGNORE INTO ParticipacaoJogador (idEdicao, idJogador) VALUES (118, 527);
INSERT IGNORE INTO ParticipacaoJogador (idEdicao, idJogador) VALUES (119, 527);
INSERT IGNORE INTO ParticipacaoJogador (idEdicao, idJogador) VALUES (120, 527);
INSERT IGNORE INTO ParticipacaoJogador (idEdicao, idJogador) VALUES (124, 528);
INSERT IGNORE INTO ParticipacaoJogador (idEdicao, idJogador) VALUES (125, 528);
INSERT IGNORE INTO ParticipacaoJogador (idEdicao, idJogador) VALUES (126, 528);
INSERT IGNORE INTO ParticipacaoJogador (idEdicao, idJogador) VALUES (121, 529);
INSERT IGNORE INTO ParticipacaoJogador (idEdicao, idJogador) VALUES (122, 529);
INSERT IGNORE INTO ParticipacaoJogador (idEdicao, idJogador) VALUES (123, 529);
INSERT IGNORE INTO ParticipacaoJogador (idEdicao, idJogador) VALUES (116, 530);
INSERT IGNORE INTO ParticipacaoJogador (idEdicao, idJogador) VALUES (117, 530);
INSERT IGNORE INTO ParticipacaoJogador (idEdicao, idJogador) VALUES (118, 530);
INSERT IGNORE INTO ParticipacaoJogador (idEdicao, idJogador) VALUES (119, 530);
INSERT IGNORE INTO ParticipacaoJogador (idEdicao, idJogador) VALUES (111, 531);
INSERT IGNORE INTO ParticipacaoJogador (idEdicao, idJogador) VALUES (112, 532);
INSERT IGNORE INTO ParticipacaoJogador (idEdicao, idJogador) VALUES (113, 532);
INSERT IGNORE INTO ParticipacaoJogador (idEdicao, idJogador) VALUES (114, 533);
INSERT IGNORE INTO ParticipacaoJogador (idEdicao, idJogador) VALUES (115, 533);
INSERT IGNORE INTO ParticipacaoJogador (idEdicao, idJogador) VALUES (131, 534);
INSERT IGNORE INTO ParticipacaoJogador (idEdicao, idJogador) VALUES (132, 534);
INSERT IGNORE INTO ParticipacaoJogador (idEdicao, idJogador) VALUES (130, 535);
INSERT IGNORE INTO ParticipacaoJogador (idEdicao, idJogador) VALUES (131, 535);
INSERT IGNORE INTO ParticipacaoJogador (idEdicao, idJogador) VALUES (132, 535);
INSERT IGNORE INTO ParticipacaoJogador (idEdicao, idJogador) VALUES (126, 536);
INSERT IGNORE INTO ParticipacaoJogador (idEdicao, idJogador) VALUES (127, 536);
INSERT IGNORE INTO ParticipacaoJogador (idEdicao, idJogador) VALUES (123, 537);
INSERT IGNORE INTO ParticipacaoJogador (idEdicao, idJogador) VALUES (124, 537);
INSERT IGNORE INTO ParticipacaoJogador (idEdicao, idJogador) VALUES (125, 537);
INSERT IGNORE INTO ParticipacaoJogador (idEdicao, idJogador) VALUES (122, 538);
INSERT IGNORE INTO ParticipacaoJogador (idEdicao, idJogador) VALUES (123, 538);
INSERT IGNORE INTO ParticipacaoJogador (idEdicao, idJogador) VALUES (124, 538);
INSERT IGNORE INTO ParticipacaoJogador (idEdicao, idJogador) VALUES (125, 538);
INSERT IGNORE INTO ParticipacaoJogador (idEdicao, idJogador) VALUES (128, 539);
INSERT IGNORE INTO ParticipacaoJogador (idEdicao, idJogador) VALUES (129, 539);
INSERT IGNORE INTO ParticipacaoJogador (idEdicao, idJogador) VALUES (130, 539);
INSERT IGNORE INTO ParticipacaoJogador (idEdicao, idJogador) VALUES (131, 539);
INSERT IGNORE INTO ParticipacaoJogador (idEdicao, idJogador) VALUES (132, 539);
INSERT IGNORE INTO ParticipacaoJogador (idEdicao, idJogador) VALUES (112, 540);
INSERT IGNORE INTO ParticipacaoJogador (idEdicao, idJogador) VALUES (113, 540);
INSERT IGNORE INTO ParticipacaoJogador (idEdicao, idJogador) VALUES (116, 541);
INSERT IGNORE INTO ParticipacaoJogador (idEdicao, idJogador) VALUES (117, 541);
INSERT IGNORE INTO ParticipacaoJogador (idEdicao, idJogador) VALUES (118, 541);
INSERT IGNORE INTO ParticipacaoJogador (idEdicao, idJogador) VALUES (123, 542);
INSERT IGNORE INTO ParticipacaoJogador (idEdicao, idJogador) VALUES (124, 542);
INSERT IGNORE INTO ParticipacaoJogador (idEdicao, idJogador) VALUES (120, 543);
INSERT IGNORE INTO ParticipacaoJogador (idEdicao, idJogador) VALUES (121, 543);
INSERT IGNORE INTO ParticipacaoJogador (idEdicao, idJogador) VALUES (122, 543);
INSERT IGNORE INTO ParticipacaoJogador (idEdicao, idJogador) VALUES (120, 544);
INSERT IGNORE INTO ParticipacaoJogador (idEdicao, idJogador) VALUES (121, 544);
INSERT IGNORE INTO ParticipacaoJogador (idEdicao, idJogador) VALUES (129, 545);
INSERT IGNORE INTO ParticipacaoJogador (idEdicao, idJogador) VALUES (130, 545);
INSERT IGNORE INTO ParticipacaoJogador (idEdicao, idJogador) VALUES (131, 545);
INSERT IGNORE INTO ParticipacaoJogador (idEdicao, idJogador) VALUES (132, 545);
INSERT IGNORE INTO ParticipacaoJogador (idEdicao, idJogador) VALUES (115, 546);
INSERT IGNORE INTO ParticipacaoJogador (idEdicao, idJogador) VALUES (116, 546);
INSERT IGNORE INTO ParticipacaoJogador (idEdicao, idJogador) VALUES (117, 546);
INSERT IGNORE INTO ParticipacaoJogador (idEdicao, idJogador) VALUES (115, 547);
INSERT IGNORE INTO ParticipacaoJogador (idEdicao, idJogador) VALUES (125, 548);
INSERT IGNORE INTO ParticipacaoJogador (idEdicao, idJogador) VALUES (115, 549);
INSERT IGNORE INTO ParticipacaoJogador (idEdicao, idJogador) VALUES (115, 550);
INSERT IGNORE INTO ParticipacaoJogador (idEdicao, idJogador) VALUES (112, 551);
INSERT IGNORE INTO ParticipacaoJogador (idEdicao, idJogador) VALUES (113, 551);
INSERT IGNORE INTO ParticipacaoJogador (idEdicao, idJogador) VALUES (130, 552);
INSERT IGNORE INTO ParticipacaoJogador (idEdicao, idJogador) VALUES (132, 552);
INSERT IGNORE INTO ParticipacaoJogador (idEdicao, idJogador) VALUES (124, 553);
INSERT IGNORE INTO ParticipacaoJogador (idEdicao, idJogador) VALUES (124, 554);
INSERT IGNORE INTO ParticipacaoJogador (idEdicao, idJogador) VALUES (126, 554);
INSERT IGNORE INTO ParticipacaoJogador (idEdicao, idJogador) VALUES (127, 554);
INSERT IGNORE INTO ParticipacaoJogador (idEdicao, idJogador) VALUES (130, 555);
INSERT IGNORE INTO ParticipacaoJogador (idEdicao, idJogador) VALUES (131, 555);
INSERT IGNORE INTO ParticipacaoJogador (idEdicao, idJogador) VALUES (117, 556);
INSERT IGNORE INTO ParticipacaoJogador (idEdicao, idJogador) VALUES (118, 556);
INSERT IGNORE INTO ParticipacaoJogador (idEdicao, idJogador) VALUES (119, 556);
INSERT IGNORE INTO ParticipacaoJogador (idEdicao, idJogador) VALUES (125, 557);
INSERT IGNORE INTO ParticipacaoJogador (idEdicao, idJogador) VALUES (126, 557);
INSERT IGNORE INTO ParticipacaoJogador (idEdicao, idJogador) VALUES (127, 558);
INSERT IGNORE INTO ParticipacaoJogador (idEdicao, idJogador) VALUES (129, 558);
INSERT IGNORE INTO ParticipacaoJogador (idEdicao, idJogador) VALUES (130, 558);
INSERT IGNORE INTO ParticipacaoJogador (idEdicao, idJogador) VALUES (128, 559);
INSERT IGNORE INTO ParticipacaoJogador (idEdicao, idJogador) VALUES (129, 559);
INSERT IGNORE INTO ParticipacaoJogador (idEdicao, idJogador) VALUES (130, 559);
INSERT IGNORE INTO ParticipacaoJogador (idEdicao, idJogador) VALUES (125, 560);
INSERT IGNORE INTO ParticipacaoJogador (idEdicao, idJogador) VALUES (126, 560);
INSERT IGNORE INTO ParticipacaoJogador (idEdicao, idJogador) VALUES (120, 561);
INSERT IGNORE INTO ParticipacaoJogador (idEdicao, idJogador) VALUES (121, 561);
INSERT IGNORE INTO ParticipacaoJogador (idEdicao, idJogador) VALUES (119, 562);
INSERT IGNORE INTO ParticipacaoJogador (idEdicao, idJogador) VALUES (120, 562);
INSERT IGNORE INTO ParticipacaoJogador (idEdicao, idJogador) VALUES (121, 562);
INSERT IGNORE INTO ParticipacaoJogador (idEdicao, idJogador) VALUES (124, 563);
INSERT IGNORE INTO ParticipacaoJogador (idEdicao, idJogador) VALUES (125, 563);
INSERT IGNORE INTO ParticipacaoJogador (idEdicao, idJogador) VALUES (126, 563);
INSERT IGNORE INTO ParticipacaoJogador (idEdicao, idJogador) VALUES (128, 564);
INSERT IGNORE INTO ParticipacaoJogador (idEdicao, idJogador) VALUES (129, 564);
INSERT IGNORE INTO ParticipacaoJogador (idEdicao, idJogador) VALUES (130, 564);
INSERT IGNORE INTO ParticipacaoJogador (idEdicao, idJogador) VALUES (121, 565);
INSERT IGNORE INTO ParticipacaoJogador (idEdicao, idJogador) VALUES (122, 565);
INSERT IGNORE INTO ParticipacaoJogador (idEdicao, idJogador) VALUES (123, 565);
INSERT IGNORE INTO ParticipacaoJogador (idEdicao, idJogador) VALUES (130, 566);
INSERT IGNORE INTO ParticipacaoJogador (idEdicao, idJogador) VALUES (131, 566);
INSERT IGNORE INTO ParticipacaoJogador (idEdicao, idJogador) VALUES (132, 566);
INSERT IGNORE INTO ParticipacaoJogador (idEdicao, idJogador) VALUES (126, 567);
INSERT IGNORE INTO ParticipacaoJogador (idEdicao, idJogador) VALUES (127, 567);
INSERT IGNORE INTO ParticipacaoJogador (idEdicao, idJogador) VALUES (128, 567);
INSERT IGNORE INTO ParticipacaoJogador (idEdicao, idJogador) VALUES (129, 567);
INSERT IGNORE INTO ParticipacaoJogador (idEdicao, idJogador) VALUES (128, 568);
INSERT IGNORE INTO ParticipacaoJogador (idEdicao, idJogador) VALUES (129, 568);
INSERT IGNORE INTO ParticipacaoJogador (idEdicao, idJogador) VALUES (130, 568);
INSERT IGNORE INTO ParticipacaoJogador (idEdicao, idJogador) VALUES (128, 569);
INSERT IGNORE INTO ParticipacaoJogador (idEdicao, idJogador) VALUES (129, 569);
INSERT IGNORE INTO ParticipacaoJogador (idEdicao, idJogador) VALUES (130, 569);
INSERT IGNORE INTO ParticipacaoJogador (idEdicao, idJogador) VALUES (120, 570);
INSERT IGNORE INTO ParticipacaoJogador (idEdicao, idJogador) VALUES (121, 570);
INSERT IGNORE INTO ParticipacaoJogador (idEdicao, idJogador) VALUES (122, 570);
INSERT IGNORE INTO ParticipacaoJogador (idEdicao, idJogador) VALUES (122, 571);
INSERT IGNORE INTO ParticipacaoJogador (idEdicao, idJogador) VALUES (123, 571);
INSERT IGNORE INTO ParticipacaoJogador (idEdicao, idJogador) VALUES (124, 571);
INSERT IGNORE INTO ParticipacaoJogador (idEdicao, idJogador) VALUES (125, 571);
INSERT IGNORE INTO ParticipacaoJogador (idEdicao, idJogador) VALUES (126, 571);
INSERT IGNORE INTO ParticipacaoJogador (idEdicao, idJogador) VALUES (111, 572);
INSERT IGNORE INTO ParticipacaoJogador (idEdicao, idJogador) VALUES (113, 573);
INSERT IGNORE INTO ParticipacaoJogador (idEdicao, idJogador) VALUES (113, 574);
INSERT IGNORE INTO ParticipacaoJogador (idEdicao, idJogador) VALUES (116, 575);
INSERT IGNORE INTO ParticipacaoJogador (idEdicao, idJogador) VALUES (124, 576);
INSERT IGNORE INTO ParticipacaoJogador (idEdicao, idJogador) VALUES (114, 577);
INSERT IGNORE INTO ParticipacaoJogador (idEdicao, idJogador) VALUES (115, 577);
INSERT IGNORE INTO ParticipacaoJogador (idEdicao, idJogador) VALUES (118, 578);
INSERT IGNORE INTO ParticipacaoJogador (idEdicao, idJogador) VALUES (119, 578);
INSERT IGNORE INTO ParticipacaoJogador (idEdicao, idJogador) VALUES (127, 579);
INSERT IGNORE INTO ParticipacaoJogador (idEdicao, idJogador) VALUES (129, 579);
INSERT IGNORE INTO ParticipacaoJogador (idEdicao, idJogador) VALUES (122, 580);
INSERT IGNORE INTO ParticipacaoJogador (idEdicao, idJogador) VALUES (123, 580);
INSERT IGNORE INTO ParticipacaoJogador (idEdicao, idJogador) VALUES (125, 581);
INSERT IGNORE INTO ParticipacaoJogador (idEdicao, idJogador) VALUES (126, 582);
INSERT IGNORE INTO ParticipacaoJogador (idEdicao, idJogador) VALUES (127, 582);
INSERT IGNORE INTO ParticipacaoJogador (idEdicao, idJogador) VALUES (124, 583);
INSERT IGNORE INTO ParticipacaoJogador (idEdicao, idJogador) VALUES (125, 583);
INSERT IGNORE INTO ParticipacaoJogador (idEdicao, idJogador) VALUES (130, 584);
INSERT IGNORE INTO ParticipacaoJogador (idEdicao, idJogador) VALUES (131, 584);
INSERT IGNORE INTO ParticipacaoJogador (idEdicao, idJogador) VALUES (124, 585);
INSERT IGNORE INTO ParticipacaoJogador (idEdicao, idJogador) VALUES (125, 585);
INSERT IGNORE INTO ParticipacaoJogador (idEdicao, idJogador) VALUES (126, 585);
INSERT IGNORE INTO ParticipacaoJogador (idEdicao, idJogador) VALUES (127, 585);
INSERT IGNORE INTO ParticipacaoJogador (idEdicao, idJogador) VALUES (128, 586);
INSERT IGNORE INTO ParticipacaoJogador (idEdicao, idJogador) VALUES (129, 586);
INSERT IGNORE INTO ParticipacaoJogador (idEdicao, idJogador) VALUES (130, 586);
INSERT IGNORE INTO ParticipacaoJogador (idEdicao, idJogador) VALUES (131, 586);
INSERT IGNORE INTO ParticipacaoJogador (idEdicao, idJogador) VALUES (116, 587);
INSERT IGNORE INTO ParticipacaoJogador (idEdicao, idJogador) VALUES (117, 587);
INSERT IGNORE INTO ParticipacaoJogador (idEdicao, idJogador) VALUES (122, 588);
INSERT IGNORE INTO ParticipacaoJogador (idEdicao, idJogador) VALUES (124, 588);
INSERT IGNORE INTO ParticipacaoJogador (idEdicao, idJogador) VALUES (125, 588);
INSERT IGNORE INTO ParticipacaoJogador (idEdicao, idJogador) VALUES (123, 589);
INSERT IGNORE INTO ParticipacaoJogador (idEdicao, idJogador) VALUES (124, 589);
INSERT IGNORE INTO ParticipacaoJogador (idEdicao, idJogador) VALUES (121, 590);
INSERT IGNORE INTO ParticipacaoJogador (idEdicao, idJogador) VALUES (122, 590);
INSERT IGNORE INTO ParticipacaoJogador (idEdicao, idJogador) VALUES (126, 591);
INSERT IGNORE INTO ParticipacaoJogador (idEdicao, idJogador) VALUES (127, 591);
INSERT IGNORE INTO ParticipacaoJogador (idEdicao, idJogador) VALUES (128, 591);
INSERT IGNORE INTO ParticipacaoJogador (idEdicao, idJogador) VALUES (129, 592);
INSERT IGNORE INTO ParticipacaoJogador (idEdicao, idJogador) VALUES (130, 592);
INSERT IGNORE INTO ParticipacaoJogador (idEdicao, idJogador) VALUES (131, 592);
INSERT IGNORE INTO ParticipacaoJogador (idEdicao, idJogador) VALUES (132, 592);
INSERT IGNORE INTO ParticipacaoJogador (idEdicao, idJogador) VALUES (130, 593);
INSERT IGNORE INTO ParticipacaoJogador (idEdicao, idJogador) VALUES (131, 593);
INSERT IGNORE INTO ParticipacaoJogador (idEdicao, idJogador) VALUES (132, 593);
INSERT IGNORE INTO ParticipacaoJogador (idEdicao, idJogador) VALUES (116, 594);
INSERT IGNORE INTO ParticipacaoJogador (idEdicao, idJogador) VALUES (117, 594);
INSERT IGNORE INTO ParticipacaoJogador (idEdicao, idJogador) VALUES (118, 594);
INSERT IGNORE INTO ParticipacaoJogador (idEdicao, idJogador) VALUES (120, 595);
INSERT IGNORE INTO ParticipacaoJogador (idEdicao, idJogador) VALUES (121, 595);
INSERT IGNORE INTO ParticipacaoJogador (idEdicao, idJogador) VALUES (124, 596);
INSERT IGNORE INTO ParticipacaoJogador (idEdicao, idJogador) VALUES (125, 596);
INSERT IGNORE INTO ParticipacaoJogador (idEdicao, idJogador) VALUES (126, 596);
INSERT IGNORE INTO ParticipacaoJogador (idEdicao, idJogador) VALUES (127, 596);
INSERT IGNORE INTO ParticipacaoJogador (idEdicao, idJogador) VALUES (126, 597);
INSERT IGNORE INTO ParticipacaoJogador (idEdicao, idJogador) VALUES (127, 597);
INSERT IGNORE INTO ParticipacaoJogador (idEdicao, idJogador) VALUES (128, 597);
INSERT IGNORE INTO ParticipacaoJogador (idEdicao, idJogador) VALUES (127, 598);
INSERT IGNORE INTO ParticipacaoJogador (idEdicao, idJogador) VALUES (128, 598);
INSERT IGNORE INTO ParticipacaoJogador (idEdicao, idJogador) VALUES (129, 598);
INSERT IGNORE INTO ParticipacaoJogador (idEdicao, idJogador) VALUES (129, 599);
INSERT IGNORE INTO ParticipacaoJogador (idEdicao, idJogador) VALUES (130, 599);
INSERT IGNORE INTO ParticipacaoJogador (idEdicao, idJogador) VALUES (131, 599);
INSERT IGNORE INTO ParticipacaoJogador (idEdicao, idJogador) VALUES (125, 600);
INSERT IGNORE INTO ParticipacaoJogador (idEdicao, idJogador) VALUES (127, 600);
INSERT IGNORE INTO ParticipacaoJogador (idEdicao, idJogador) VALUES (128, 600);
INSERT IGNORE INTO ParticipacaoJogador (idEdicao, idJogador) VALUES (121, 601);
INSERT IGNORE INTO ParticipacaoJogador (idEdicao, idJogador) VALUES (122, 601);
INSERT IGNORE INTO ParticipacaoJogador (idEdicao, idJogador) VALUES (123, 601);
INSERT IGNORE INTO ParticipacaoJogador (idEdicao, idJogador) VALUES (121, 602);
INSERT IGNORE INTO ParticipacaoJogador (idEdicao, idJogador) VALUES (122, 602);
INSERT IGNORE INTO ParticipacaoJogador (idEdicao, idJogador) VALUES (123, 602);
INSERT IGNORE INTO ParticipacaoJogador (idEdicao, idJogador) VALUES (128, 603);
INSERT IGNORE INTO ParticipacaoJogador (idEdicao, idJogador) VALUES (129, 603);
INSERT IGNORE INTO ParticipacaoJogador (idEdicao, idJogador) VALUES (130, 603);
INSERT IGNORE INTO ParticipacaoJogador (idEdicao, idJogador) VALUES (130, 604);
INSERT IGNORE INTO ParticipacaoJogador (idEdicao, idJogador) VALUES (131, 604);
INSERT IGNORE INTO ParticipacaoJogador (idEdicao, idJogador) VALUES (132, 604);
INSERT IGNORE INTO ParticipacaoJogador (idEdicao, idJogador) VALUES (129, 605);
INSERT IGNORE INTO ParticipacaoJogador (idEdicao, idJogador) VALUES (130, 605);
INSERT IGNORE INTO ParticipacaoJogador (idEdicao, idJogador) VALUES (131, 605);
INSERT IGNORE INTO ParticipacaoJogador (idEdicao, idJogador) VALUES (132, 605);
INSERT IGNORE INTO ParticipacaoJogador (idEdicao, idJogador) VALUES (118, 606);
INSERT IGNORE INTO ParticipacaoJogador (idEdicao, idJogador) VALUES (119, 606);
INSERT IGNORE INTO ParticipacaoJogador (idEdicao, idJogador) VALUES (120, 606);
